Feb 2, 2017
Groundhog Day
Feb 14, 2017
Valentine's Day
Mar 14, 2017
3.14 Pi Day
Mar 17, 2017
St Patrick's Day
Apr 9, 2017
Palm Sunday
Apr 14, 2017
Good Friday
Apr 16, 2017
Easter Sunday
May 14, 2017
Mother's Day
May 29, 2017
Memorial Day
Jun 18, 2017
Father's Day
Jul 4, 2017
Independence Day
Sep 4, 2017
Labor Day
Oct 31, 2017
Halloween
Sep 19, 2017
Talk Like a Pirate Day
Nov 11, 2017
Veterans Day
Nov 23, 2017
Happy Thanksgiving!
Dec 24, 2017
Christmas Eve
Dec 25, 2017
Christmas Day
Dec 31, 2017
New Year's Eve
